location,tasks,actual_overdue_rate,mean_predicted_risk
Quality Control>ITP 02 Architectural>Elevations>Pool Elevations>East West Pool Elevations,4,1.0,0.9965633765024066
Quality Control & BC(A)R>ITP 02 Architectural>3rd Floor Plan>WC's & Shower Rooms>19-L3-21 Male WC,1,1.0,0.9963068574925164
Quality Control & BC(A)R>ITP 02 Architectural>2nd Floor Plan>Lobbies>19-L2-40 Lobby,1,1.0,0.9955835672665688
Quality Control & BC(A)R>ITP 02 Architectural>3rd Floor Plan>Offices>19-L3-54 Office 14,1,1.0,0.9954181832956832
QC & BC(A)R>ITP 02 Architectural & M&E Services>Block 3>Elevations>2. Courtyard (North Elevation)>6th to 7th Floor,1,1.0,0.9868630769471436
Quality Control>ITP 02 Architectural>Level 00  Ground Floor>Pantry,1,1.0,0.9863368910617384
Quality Control & BC(A)R>ITP 01 Structural>Carpark>Lvl 00 Lower Ground,1,1.0,0.9862191284880456
Quality Control & BC(A)R>ITP 01 Structural>New Building>Lvl 01  Floor Plan,3,1.0,0.9842256787768099
Quality Control>ITP 02 Architectural>Level 00  Ground Floor>Linen Store,3,1.0,0.9837686509964554
Quality Control>ITP 01 Structural>LV -01 Basement,5,1.0,0.9828558999688012
QC & BC(A)R>ITP 02 Architectural & M&E Services>Block 3>Elevations>2. Courtyard (North Elevation)>7th floor to Roof,3,1.0,0.9819029467030024
Quality Control & BC(A)R>ITP 02 Architectural>1st Floor Plan>WC's & Locker Rooms>19-L1-47 Male WC,1,1.0,0.9813179639637762
QC & BC(A)R>ITP 02 Architectural & M&E Services>Block 4>1st Floor Plan,1,1.0,0.9808931845610884
Quality Control & BC(A)R>ITP 01 Structural>New Building>Lvl 00 Ground Floor Plan,2,1.0,0.9799158921177775
Quality Control>ITP 02 Architectural>Level 00  Ground Floor>Pool Area Facilities>Pool Shower 1,1,1.0,0.9794090554879494
Quality Control>ITP 02 Architectural>Level 00  Ground Floor>Padddle Club,8,0.875,0.9773168655494625
Quality Control & BC(A)R>ITP 02 Architectural>1st Floor Plan>Stairs>I9- L1-01 Stair 1,1,1.0,0.977072274759537
Quality Control>ITP 02 Architectural>Level 00  Ground Floor>WC,2,1.0,0.9745309582825278
QC & BC(A)R>ITP 02 Architectural & M&E Services>Block 4>1st Floor Plan>Rooms>RM.1.105,1,1.0,0.9744172519252672
Quality Control & BC(A)R>ITP 01 Structural>New Building>Lvl-01 Basement,4,1.0,0.9736292199859833
Quality Control & BC(A)R>ITP 02 Architectural>2nd Floor Plan>Services and Risers>19-L2-49 Service Void,1,1.0,0.9734704763078414
QC & BC(A)R>ITP 02 Architectural & M&E Services>Block 3,2,0.5,0.9678277056877282
QC & BC(A)R>ITP 02 Architectural & M&E Services>Block 3>Elevations>2. Courtyard (North Elevation)>4th to 5th Floor,2,1.0,0.9674886909301876
Quality Control & BC(A)R>ITP 01 Structural,1,1.0,0.9632717012274492
Quality Control>ITP 01 Structural>Lvl 00 Ground Floor,3,1.0,0.9607285330184031
Quality Control & BC(A)R>ITP 01 Structural>Substation 5&6,1,1.0,0.9603628593051604
Quality Control & BC(A)R>ITP 02 Architectural>3rd Floor Plan>Offices>19-L3-10 Open Office,2,0.5,0.9568799317595142
Quality Control & BC(A)R>ITP 02 Architectural>Block B>Lvl 00 Ground Floor>Unit 105,8,1.0,0.9553629336618126
Quality Control & BC(A)R>ITP 02 Architectural>1st Floor Plan>19-L1-54 Janitor,1,1.0,0.947698890807588
QC & BC(A)R>ITP 02 Architectural & M&E Services>Block 3>Elevations,1,1.0,0.94562046723885
QC & BC(A)R>ITP 02 Architectural & M&E Services>Block 3>Elevations>6. Townsend Street (North Elevation)>2nd to 3rd Floor,1,0.0,0.9429085477481988
Quality Control & BC(A)R>ITP 02 Architectural>1st Floor Plan>Stores>19-L1-09 Store,1,1.0,0.94230082603698
Quality Control & BC(A)R>ITP 02 Architectural>Block B>Lvl 00 Ground Floor>Unit 113,1,0.0,0.9389373591425652
QC & BC(A)R>ITP 02 Architectural & M&E Services>Block 3>2nd Floor Plan>Area 2,1,1.0,0.9369256611654436
Quality Control & BC(A)R>ITP 01 Structural>Block B>Lvl 00 Ground Floor,5,0.6,0.9347392602786286
Quality Control & BC(A)R>ITP 02 Architectural>1st Floor Plan>19-l1-07 Gen purpose 3,1,1.0,0.9289448857123076
Quality Control & BC(A)R>ITP 02 Architectural>2nd Floor Plan>Corridors>19-L2-54 Corridor,1,1.0,0.9078685051972296
Quality Control & BC(A)R>ITP 02 Architectural>1st Floor Plan>Utillities Corridor,2,0.5,0.9063567960845749
Quality Control>ITP 02 Architectural>Level 00  Ground Floor>Reception,2,0.5,0.9057252217828505
QC & BC(A)R>ITP 01 Structural>Block 3>7th Floor Plan,1,1.0,0.8922239664813363
Quality Control & BC(A)R>ITP 03 Civil Works>02 Drainage>Foul Water,2,0.0,0.8861369237755536
Items to Be Deleted,2,0.5,0.8828072589360589
QC & BC(A)R>ITP 02 Architectural & M&E Services>Block 3>Elevations>6. Townsend Street (North Elevation),1,0.0,0.8800417663472432
QC & BC(A)R>ITP 02 Architectural & M&E Services>Block 3>1st Floor Plan>Area 2>RM.01.132,1,1.0,0.8784892469505127
Quality Control>ITP 02 Architectural>Level 00  Ground Floor>Pool Area Facilities>Family 1,1,1.0,0.8776724296408541
QC & BC(A)R>ITP 02 Architectural & M&E Services>Block 3>Elevations>3. Courtyard (West Elevation)>7th floor to Roof,1,1.0,0.8752180322308881
Quality Control & BC(A)R>ITP 03 Civil Works>02 Drainage>Surface Water,2,1.0,0.872364137264546
QC & BC(A)R>ITP 02 Architectural & M&E Services>Block 3>Elevations>1. Bracken Lane (South Elevation)>4th to 5th Floor,1,0.0,0.8722103855952359
Quality Control & BC(A)R>ITP 02 Architectural>Block B>Lvl 01 First Floor,1,1.0,0.8717104443860574
Quality Control & BC(A)R>ITP 01 Structural>Block B>Lvl 02 Roof,6,0.5,0.8575906335130762
Quality Control & BC(A)R>ITP 02 Architectural>Block C>Lvl 00 Ground Floor,1,0.0,0.8501112154651018
Quality Control>ITP 01 Structural,1,1.0,0.8478324415926766
QC & BC(A)R>ITP 02 Architectural & M&E Services>Block 3>2nd Floor Plan>Area 3,4,0.5,0.8473184056083238
Quality Control & BC(A)R>ITP 03 Civil Works>01 Lanscaping,5,0.4,0.84644193507894
Quality Control & BC(A)R>ITP 01 Structural>Block B>Lvl 01 Mezzanine,3,0.6666666666666666,0.8369040923788545
Quality Control & BC(A)R>ITP 01 Structural>Block 1 & 2>3rd Floor Plan,1,1.0,0.8365766306193649
Quality Control & BC(A)R>ITP 02 Architectural>Block B>Lvl 01 First Floor>Unit 111 Mezzanine,1,0.0,0.8331604097013444
Quality Control & BC(A)R>ITP 02 Architectural>1st Floor Plan>Meeting Rooms>Meeting 6,1,1.0,0.833039416154696
"Quality Control>ITP 02 Architectural>Level 00  Ground Floor>Pool Area Facilities>Acc, WC/ Shower",1,1.0,0.8322223662746698
Quality Control & BC(A)R>ITP 02 Architectural>1st Floor Plan>Data Room,1,0.0,0.8295770277420388
Quality Control & BC(A)R>ITP 02 Architectural>Block B>Lvl 00 Ground Floor>Unit 107,1,1.0,0.8142524419231644
QC & BC(A)R>ITP 02 Architectural & M&E Services>Block 3>1st Floor Plan>Area 2>RM.01.140,1,0.0,0.8113182270146565
QC & BC(A)R>ITP 01 Structural>Block 2>1st Floor Plan,1,0.0,0.8101943265326551
Quality Control & BC(A)R>ITP 01 Structural>Block B>Elevations,4,0.5,0.8022405300850068
Quality Control & BC(A)R>ITP 02 Architectural>3rd Floor Plan>Offices>19-L3-51 Office 11,1,0.0,0.8010660305506871
Quality Control & BC(A)R>ITP 01 Structural>Block 1 & 2>1st Floor Plan,5,0.8,0.7829759086206847
Quality Control>ITP 02 Architectural>Level 00  Ground Floor>Pool Area,8,0.875,0.7654699740634269
Quality Control & BC(A)R>ITP 02 Architectural>3rd Floor Plan>19-L3-02 PA Area,1,1.0,0.7654319135437866
Quality Control & BC(A)R>ITP 02 Architectural>Block B>Lvl 00 Ground Floor>Unit 110,1,1.0,0.7625144551497015
Quality Control & BC(A)R>ITP 01 Structural>Carpark>Lvl -00 Foundation,5,0.2,0.7553973111917197
Quality Control & BC(A)R>ITP 02 Architectural>2nd Floor Plan>Corridors>19-L2-31 Corridor,1,0.0,0.7546443804581289
Quality Control & BC(A)R>ITP 02 Architectural>Block B>Lvl 00 Ground Floor,6,0.3333333333333333,0.7434807979146791
Quality Control & BC(A)R>ITP 02 Architectural>3rd Floor Plan>19-L3-24 Social Hub,1,0.0,0.7320318529554686
Quality Control & BC(A)R>ITP 02 Architectural>2nd Floor Plan>Offices>19-L2-09 Open Office,2,0.5,0.7314010079556003
Quality Control & BC(A)R>ITP 01 Structural>Block A>Elevations,1,0.0,0.7300345366245187
Quality Control & BC(A)R>ITP 01 Structural>Block A,2,0.0,0.7242891040206436
Quality Control & BC(A)R>ITP 02 Architectural>2nd Floor Plan>Cold / Freezer Rooms,3,0.6666666666666666,0.7211419128477813
Quality Control & BC(A)R>ITP 02 Architectural>2nd Floor Plan>Services and Risers,1,1.0,0.713525779051365
Quality Control & BC(A)R>ITP 02 Architectural>1st Floor Plan>Stairs>19-L1-04 Stair 4,1,0.0,0.7084510507675683
Quality Control & BC(A)R>ITP 02 Architectural>Block A>Lvl 00 Ground Floor>Unit 93,2,0.5,0.6949867584870365
QC & BC(A)R>ITP 02 Architectural & M&E Services>Block 3>Elevations>2. Courtyard (North Elevation)>3rd to 4th Floor,2,0.5,0.6925042259032363
Quality Control & BC(A)R>ITP 02 Architectural>Block B>Lvl 00 Ground Floor>Unit 111,3,0.3333333333333333,0.6805361150705944
Quality Control & BC(A)R>ITP 02 Architectural>3rd Floor Plan>Stairs>19-L1-01 Stair 1,1,0.0,0.6784673299110675
Quality Control & BC(A)R>ITP 01 Structural>Block B>Lvl -00 Foundation,1,0.0,0.6704568954747954
Quality Control & BC(A)R>ITP 01 Structural>Carpark>Lvl -00 Piling,7,0.14285714285714285,0.6671694259115102
Quality Control & BC(A)R>ITP 02 Architectural>1st Floor Plan>Stores>19-L1-56 Store,1,1.0,0.6609221919002152
QC & BC(A)R>ITP 02 Architectural & M&E Services>Block 3>2nd Floor Plan>Common Areas>RM.02.335 - Corridor,2,0.0,0.6598065917115006
QC & BC(A)R>ITP 02 Architectural & M&E Services>Block 3>Elevations>3. Courtyard (West Elevation)>2nd to 3rd Floor,1,0.0,0.6529939935791681
Quality Control & BC(A)R>ITP 02 Architectural>1st Floor Plan>Offices>19-L1-70 Open Office 2,3,0.6666666666666666,0.6472999570961454
QC & BC(A)R>ITP 02 Architectural & M&E Services>Block 1>Ground Floor Plan,4,0.25,0.6443979303127176
QC & BC(A)R>ITP 02 Architectural & M&E Services>Block 3>Elevations>4. Courtyard (South Elevation),1,0.0,0.6424327373626629
Quality Control & BC(A)R>ITP 02 Architectural>2nd Floor Plan>19-L2-29 Clean Hold,1,0.0,0.6405040017538385
QC & BC(A)R>ITP 02 Architectural & M&E Services>Block 4>2nd Floor Plan>Rooms>RM.2.221,2,0.0,0.6364091088173701
Quality Control & BC(A)R>ITP 02 Architectural>Block A>Lvl 00 Ground Floor,2,0.0,0.6355771170719231
Quality Control & BC(A)R>ITP 02 Architectural>2nd Floor Plan>Offices,1,0.0,0.6249014381103244
Quality Control & BC(A)R>ITP 01 Structural>Carpark Entrance Building>Lvl 00 Lower Ground,1,0.0,0.624069815477485
Quality Control & BC(A)R>ITP 02 Architectural>1st Floor Plan>Meeting Rooms>Meeting 4,2,1.0,0.6153653102713381
QC & BC(A)R>ITP 02 Architectural & M&E Services>Block 3>1st Floor Plan>Area 2>RM.01.145,1,0.0,0.611659452543541
QC & BC(A)R>ITP 02 Architectural & M&E Services>Block 3>4th Floor Plan>Area 1,2,0.5,0.6101000814080246
Quality Control & BC(A)R>ITP 02 Architectural>3rd Floor Plan>Offices>19-L3-52 Office 12,1,0.0,0.61003770879992
Quality Control & BC(A)R>ITP 01 Structural>Block A>Lvl -00 Foundation,1,0.0,0.6070068101435069
Quality Control & BC(A)R>ITP 02 Architectural>3rd Floor Plan>19-L3-30 Data Room,2,0.0,0.6002265009677555
Quality Control & BC(A)R>ITP 03 Civil Works>03 Ducting,4,0.0,0.5998298469341351
QC & BC(A)R>ITP 02 Architectural & M&E Services>Block 3>1st Floor Plan>Area 1>RM.01.108,1,0.0,0.583996346764944
QC & BC(A)R>ITP 02 Architectural & M&E Services>Block 3>1st Floor Plan>Area 2,2,0.0,0.5737535062069512
Quality Control & BC(A)R>ITP 02 Architectural>1st Floor Plan>Stores>19-L1-12 Facilities Store,1,0.0,0.5727409496174998
QC & BC(A)R>ITP 01 Structural>Block 4>Ground Floor Plan,1,0.0,0.5608653511767157
Quality Control & BC(A)R>ITP 02 Architectural>Block A>Lvl 00 Ground Floor>Unit 92,1,0.0,0.5559276988194211
Quality Control>ITP 02 Architectural>Lvl 01 Floor Plan>Paddle Club,1,1.0,0.550576516017511
Quality Control & BC(A)R>ITP 02 Architectural>Carpark>00 Lower Gound,3,0.0,0.5496079810970096
Quality Control>ITP 04 M&E Services,7,0.2857142857142857,0.5482905700024505
QC & BC(A)R>ITP 02 Architectural & M&E Services>Block 3>Elevations>2. Courtyard (North Elevation)>1st to 2nd Floor,3,0.3333333333333333,0.5425725782038325
Quality Control>ITP 02 Architectural>Lvl 01 Floor Plan,1,0.0,0.539435208346551
Quality Control>ITP 02 Architectural>Level 00  Ground Floor,2,0.5,0.5388245164532969
QC & BC(A)R>ITP 01 Structural>Block 4>2nd Floor Plan,1,0.0,0.5373624892739393
QC & BC(A)R>ITP 01 Structural>Block 3>3rd Floor Plan,1,0.0,0.5373624892739393
QC & BC(A)R>ITP 01 Structural>Block 2>Foundations,1,0.0,0.5250951604916859
Quality Control>ITP 02 Architectural>Level 00  Ground Floor>Pool Area Facilities>Female Shower,2,0.5,0.5179059330935106
QC & BC(A)R>ITP 02 Architectural & M&E Services>Block 3>Elevations>3. Courtyard (West Elevation)>5th to 6th Floor,2,0.5,0.5177919493960874
QC & BC(A)R>ITP 01 Structural>Block 3>5th Floor Plan,1,0.0,0.5163570903190895
QC & BC(A)R>ITP 02 Architectural & M&E Services>Block 3>2nd Floor Plan>Area 2>RM.02.230,2,0.0,0.5149021477776248
Quality Control>ITP 02 Architectural>Level 00  Ground Floor>Pool Area Facilities>Female Changing/ Locker Room,2,0.5,0.5101657164995592
QC & BC(A)R>ITP 02 Architectural & M&E Services>Block 3>5th Floor Plan>Common Areas>RM.05.633 - Corridor,1,0.0,0.5091862839563732
QC & BC(A)R>ITP 02 Architectural & M&E Services>Block 3>1st Floor Plan>Area 2>RM.01.134,1,1.0,0.5081699261703218
Quality Control>ITP 02 Architectural>Level 00  Ground Floor>Retail / Foyer,4,0.5,0.5048024822542996
QC & BC(A)R>ITP 02 Architectural & M&E Services>Block 3>Elevations>2. Courtyard (North Elevation)>2nd to 3rd Floor,4,0.25,0.5012473053696207
Quality Control>ITP 02 Architectural>Level 00  Ground Floor>Pool Area Facilities>Male Changing/ :Locker Room,6,0.3333333333333333,0.500643065595946
Quality Control & BC(A)R>ITP 02 Architectural>2nd Floor Plan>19-L2-10 Culture Lab,4,0.25,0.4981369356499368
QC & BC(A)R>ITP 02 Architectural & M&E Services>Block 3>3rd Floor Plan>Area 3>RM.03.373,1,0.0,0.4979363122177433
Quality Control & BC(A)R>ITP 02 Architectural>2nd Floor Plan>19-L2-45 Data Room,2,0.5,0.49655351656954216
QC & BC(A)R>ITP 02 Architectural & M&E Services>Block 3>1st Floor Plan,4,0.5,0.48894498461712543
Quality Control>ITP 02 Architectural>Level 00  Ground Floor>Pool Area Facilities>Timber batten Ceiling Corridor,4,0.5,0.48866968921336545
QC & BC(A)R>ITP 02 Architectural & M&E Services>Block 3>1st Floor Plan>Area 1>RM.01.103,1,0.0,0.4875834945944016
QC & BC(A)R>ITP 02 Architectural & M&E Services>Block 3>1st Floor Plan>Area 2>RM.01.146,1,0.0,0.4870406810749467
QC & BC(A)R>ITP 02 Architectural & M&E Services>Block 3>Elevations>4. Courtyard (South Elevation)>4th to 5th Floor,1,0.0,0.4821222660607667
QC & BC(A)R>ITP 02 Architectural & M&E Services>Block 1>4th Floor Plan>Common Areas>R.04.443 Corridor,1,0.0,0.4750656815909713
Quality Control & BC(A)R>ITP 02 Architectural>3rd Floor Plan>Offices>19-L3-50 Office 10,1,0.0,0.4681479556063148
Quality Control & BC(A)R>ITP 01 Structural>Substation 7&8,5,0.0,0.46670505863784495
Quality Control & BC(A)R>ITP 02 Architectural>3rd Floor Plan>Offices>19-L3-48 Office 8,2,0.0,0.4606916463551318
QC & BC(A)R>ITP 02 Architectural & M&E Services>Block 3>1st Floor Plan>Area 1,3,0.6666666666666666,0.46026595198746595
QC & BC(A)R>ITP 01 Structural>Block 1>1st Floor Plan,2,0.0,0.451927656273318
QC & BC(A)R>ITP 02 Architectural & M&E Services>Block 3>4th Floor Plan>Area 3,1,0.0,0.4389681917736203
QC & BC(A)R>ITP 01 Structural>Block 2>Ground Floor Plan,2,0.0,0.43828066117273395
Quality Control & BC(A)R>ITP 02 Architectural>Block C>Lvl 00 Ground Floor>Toilets,1,0.0,0.4369537584849608
QC & BC(A)R>ITP 02 Architectural & M&E Services>Block 3>2nd Floor Plan>Area 1,1,0.0,0.4358030265549542
Quality Control & BC(A)R>ITP 01 Structural>Block B,4,0.25,0.4268066766326847
Quality Control & BC(A)R>ITP 01 Structural>Block 1 & 2>2nd Floor Plan,2,0.5,0.42394234691317023
QC & BC(A)R>ITP 01 Structural>Block 3>4th Floor Plan,8,0.125,0.423853002038713
Quality Control & BC(A)R>ITP 02 Architectural>Carpark>01 Upper Ground,3,0.3333333333333333,0.4171786035161548
QC & BC(A)R,5,0.6,0.4168580095671512
QC & BC(A)R>ITP 02 Architectural & M&E Services>Block 3>1st Floor Plan>Common Areas>R.01.225 - Corridor,1,0.0,0.409800096759525
Quality Control & BC(A)R>ITP 02 Architectural>2nd Floor Plan>Lifts>19-L1-67 Per Lift,1,0.0,0.3976259117490691
Quality Control & BC(A)R>ITP 02 Architectural>3rd Floor Plan>Offices>19-L3-33 Open Offices 2,1,0.0,0.3947243144596276
Training Area>Sample Drawing 1,2,0.0,0.3911081275540069
Quality Control & BC(A)R>ITP 03 Civil Works>06 Firemain,9,0.1111111111111111,0.3896071363354952
QC & BC(A)R>ITP 02 Architectural & M&E Services>Block 3>Ground Floor Plan,1,0.0,0.3852658724315415
QC & BC(A)R>ITP 01 Structural>Block 1>Foundations,2,0.0,0.38087418913154064
QC & BC(A)R>ITP 02 Architectural & M&E Services>Block 3>1st Floor Plan>Area 1>RM.01.101,2,0.0,0.3744799407197277
QC & BC(A)R>ITP 02 Architectural & M&E Services>Block 3>1st Floor Plan>Area 3>RM.01.161,1,0.0,0.3687446819149422
QC & BC(A)R>ITP 01 Structural>Block 3>3rd Floor Plan>Precast Walls>Walls Area A3,4,0.25,0.361680970759459
QC & BC(A)R>ITP 02 Architectural & M&E Services>Block 3>2nd Floor Plan>Area 2>RM.02.249,1,0.0,0.3596234922976161
Quality Control & BC(A)R>ITP 02 Architectural>2nd Floor Plan>Stairs>19-L1-03 Stair 3,2,0.0,0.35820566845632934
Quality Control & BC(A)R>ITP 02 Architectural>3rd Floor Plan>Offices>19-L3-55 Office 15,1,0.0,0.3567310589969428
Quality Control & BC(A)R>ITP 02 Architectural>3rd Floor Plan>Conference Rooms,1,0.0,0.3462516675285432
QC & BC(A)R>ITP 02 Architectural & M&E Services>Block 3>1st Floor Plan>Area 1>RM.01.110,1,0.0,0.339455246310223
Quality Control & BC(A)R>ITP 02 Architectural>3rd Floor Plan>Conference Rooms>19-L3-09 Conference Room,1,0.0,0.3319764743716424
QC & BC(A)R>ITP 01 Structural>Block 3,7,0.0,0.3309117837402268
Quality Control & BC(A)R>ITP 02 Architectural>3rd Floor Plan>WC's & Shower Rooms>19-L3-28 Female Toilet,1,0.0,0.3302169061308364
JPC Project Management>Site Management>Daily Site Diary,2,0.0,0.3298043323656407
Quality Control & BC(A)R>ITP 02 Architectural>2nd Floor Plan>Stairs,6,0.16666666666666666,0.32754625427163525
Quality Control & BC(A)R>ITP 02 Architectural>2nd Floor Plan>19-L2-37 Micro Investigation Lab,2,0.5,0.32661843274535196
Quality Control & BC(A)R>ITP 02 Architectural>1st Floor Plan>Offices>19-L1-13 Open office,2,0.0,0.32204754491423665
QC & BC(A)R>ITP 01 Structural>Block 3>Basement Plan,3,0.0,0.3219638754691381
Quality Control & BC(A)R>ITP 02 Architectural>2nd Floor Plan>Corridors>19-L2-18 Corridor,1,0.0,0.3207958582548347
QC & BC(A)R>ITP 02 Architectural & M&E Services>Block 1>1st Floor Plan>Common Areas>R.01.143 Corridor,1,0.0,0.320583971059253
QC & BC(A)R>ITP 02 Architectural & M&E Services>Block 2>2nd Floor Plan>Rooms>R.02.209,1,0.0,0.3160059010878207
Quality Control & BC(A)R>ITP 02 Architectural>1st Floor Plan>Stairs>19-L1-03 Stair 3W,1,0.0,0.3145773981280351
QC & BC(A)R>ITP 01 Structural>Block 3>3rd Floor Plan>Precast Walls>Walls Area A2,1,0.0,0.3112302108395363
Quality Control & BC(A)R>ITP 02 Architectural>3rd Floor Plan>19-L3-34 Plant Room,10,0.1,0.30291129548519224
Quality Control & BC(A)R>ITP 02 Architectural>3rd Floor Plan>Goods Lifts,1,0.0,0.3010686423666143
Quality Control & BC(A)R>ITP 02 Architectural>2nd Floor Plan>Corridors>19-L2-57 Corridor,1,0.0,0.3006748990020859
QC & BC(A)R>ITP 02 Architectural & M&E Services>Block 3>3rd Floor Plan>Area 3,1,0.0,0.2993244769651432
QC & BC(A)R>ITP 01 Structural>Block 3>1st Floor Plan>Precast Walls>Walls Area A2,3,0.0,0.294127024467803
Quality Control & BC(A)R>ITP 02 Architectural>3rd Floor Plan>Conference Rooms>19-L3-13 Conf 3,2,0.0,0.29029224015595556
QC & BC(A)R>ITP 02 Architectural & M&E Services>Block 3>3rd Floor Plan>Area 1,1,0.0,0.2901282000238043
Quality Control>ITP 02 Architectural>Level 00  Ground Floor>Pool Area Facilities>Male Shower,3,0.0,0.2862385011566173
Quality Control & BC(A)R>ITP 02 Architectural>3rd Floor Plan>Stairs,1,0.0,0.284264656702702
Quality Control & BC(A)R>ITP 02 Architectural>3rd Floor Plan>19-L3-40 Data Room,1,0.0,0.2801908985984417
Quality Control & BC(A)R>ITP 02 Architectural>3rd Floor Plan>Offices,3,0.0,0.2787453546285857
Quality Control & BC(A)R>ITP 02 Architectural>3rd Floor Plan>19-L3-14 Telepresence Room,3,0.0,0.26852938972849083
Quality Control & BC(A)R>ITP 02 Architectural>3rd Floor Plan>Offices>19-L3-07 Office 7,2,0.0,0.26818491080934137
QC & BC(A)R>ITP 02 Architectural & M&E Services>Block 3>1st Floor Plan>Area 1>RM.01.112,1,0.0,0.2668028220085176
Quality Control & BC(A)R>ITP 02 Architectural>3rd Floor Plan>Corridors>19-L3-17 Corridor,2,0.0,0.2545878951193559
QC & BC(A)R>ITP 01 Structural>Block 3>3rd Floor Plan>Precast Walls>Walls Area A1,4,0.0,0.25128993778373754
Quality Control & BC(A)R>ITP 02 Architectural>3rd Floor Plan>Conference Rooms>19-L3-12 Conf 2,1,0.0,0.2489424579123093
Site Logistics Plan,7,0.0,0.24136170793639206
QC & BC(A)R>ITP 02 Architectural & M&E Services>Block 3>1st Floor Plan>Area 3,1,0.0,0.2354556976577852
Quality Control & BC(A)R>ITP 02 Architectural>3rd Floor Plan>Offices>19-L3-01 Office 1,1,0.0,0.2331941491347621
Quality Control & BC(A)R>ITP 02 Architectural>3rd Floor Plan>Lobbies>19-L3-59 Boardroom Lobby,2,0.0,0.2331941491347621
Quality Control & BC(A)R>ITP 02 Architectural>3rd Floor Plan>Offices>19-L3-06 Office 6,1,0.0,0.2331941491347621
QC & BC(A)R>ITP 01 Structural>Block 3>1st Floor Plan,7,0.14285714285714285,0.23228771708459858
Quality Control & BC(A)R>ITP 02 Architectural>3rd Floor Plan>Corridors>19-L3-60 Corridor,2,0.0,0.22853771718352583
Quality Control & BC(A)R>ITP 02 Architectural>2nd Floor Plan>Corridors>19-L2-22 Corridor,2,0.0,0.2246432181390061
QC & BC(A)R>ITP 01 Structural,4,0.5,0.22033945840239594
Quality Control & BC(A)R>ITP 02 Architectural>3rd Floor Plan>Stairs>19-L1-02 Stair 2,1,0.0,0.2179229277889002
QC & BC(A)R>ITP 02 Architectural & M&E Services>Block 3>4th Floor Plan>Area 2,1,0.0,0.2158662167324521
Quality Control & BC(A)R,4,0.25,0.2068889124999867
Quality Control & BC(A)R>ITP 01 Civil & Structural,1,0.0,0.205295442613554
QC & BC(A)R>ITP 01 Structural>Block 3>2nd Floor Plan>Precast Slabs>Area A3,1,0.0,0.1969546625479325
Quality Control & BC(A)R>ITP 02 Architectural>3rd Floor Plan>19-L3-42 Plant Room 2,5,0.0,0.19211076127898025
QC & BC(A)R>ITP 01 Structural>Block 4>1st Floor Plan,1,0.0,0.1870252420405833
Quality Control & BC(A)R>ITP 02 Architectural>3rd Floor Plan>Offices>19-L3-04 Office 4,1,0.0,0.1805252545988909
Quality Control & BC(A)R>ITP 02 Architectural>3rd Floor Plan>Offices>19-L3-03 Office 3,1,0.0,0.1770194379526845
QC & BC(A)R>ITP 01 Structural>Block 1>Ground Floor Plan,7,0.0,0.17165622440292042
Quality Control & BC(A)R>ITP 02 Architectural>3rd Floor Plan>Offices>19-L3-53 Office 13,1,0.0,0.1668765089080205
1335 - Adare Manor GAB,9,0.0,0.16393623366725002
Quality Control & BC(A)R>ITP 02 Architectural>2nd Floor Plan>Stores,2,0.0,0.16318929636614368
Quality Control>ITP 02 Architectural>LV -01 Basement,2,0.0,0.1618327632624249
Quality Control & BC(A)R>ITP 02 Architectural>3rd Floor Plan>Offices>19-L3-49 Office 9,2,0.0,0.16164230595329376
QC & BC(A)R>ITP 01 Structural>Block 3>2nd Floor Plan>Precast Walls>Walls Area A3,1,0.0,0.1588427003051018
QC & BC(A)R>ITP 02 Architectural & M&E Services>Block 3>3rd Floor Plan>Area 2,5,0.2,0.15826870086621336
Quality Control & BC(A)R>ITP 01 Civil & Structural>ESB Substation,2,0.0,0.15591267741523332
Quality Control & BC(A)R>ITP 02 Architectural>3rd Floor Plan>Offices>19-L3-56- Office 16,2,0.0,0.1429434693582891
QC & BC(A)R>ITP 01 Structural>Block 2>2nd Floor Plan,1,0.0,0.1325472204028278
Quality Control & BC(A)R>ITP 02 Architectural>3rd Floor Plan>Stairs>Stair at Goods Lift,2,0.0,0.12596612825763762
QC & BC(A)R>ITP 01 Structural>Block 3>2nd Floor Plan>Precast Walls>Walls Area A2,2,0.0,0.12233921925507175
Quality Control & BC(A)R>ITP 02 Architectural>Block B,1,0.0,0.1101829306478625
Quality Control & BC(A)R>ITP 02 Architectural>3rd Floor Plan>Corridors>19-L3-35 Corridor,2,0.0,0.09860776321779235
Quality Control & BC(A)R>ITP 02 Architectural>3rd Floor Plan>19-L3-36 Electrical Room,1,0.0,0.0980692415256783
QC & BC(A)R>ITP 01 Structural>Block 3>3rd Floor Plan>Precast Slabs>Area A1,1,0.0,0.0955445969080238
QC & BC(A)R>ITP 01 Structural>Block 3>1st Floor Plan>Precast Walls>Walls Area A1,2,0.0,0.0894910712533684
QC & BC(A)R>ITP 01 Structural>Block 3>Ground Floor Plan,9,0.1111111111111111,0.08878937029912717
QC & BC(A)R>ITP 01 Structural>Block 3>2nd Floor Plan>Precast Slabs>Area A2,1,0.0,0.0843675781586425
QC & BC(A)R>ITP 01 Structural>Block 3>1st Floor Plan>Precast Walls,2,0.0,0.07455617317377469
Quality Control & BC(A)R>ITP 03 Civil Works,1,0.0,0.0728518600382387
1330 - Regeneron Building 19,32,0.09375,0.06991717943761212
QC & BC(A)R>ITP 01 Structural>Block 3>2nd Floor Plan,2,0.0,0.0648863768326368
Quality Control & BC(A)R>ITP 02 Architectural>2nd Floor Plan>19-L2-19 PS Media and Buffer Prep,1,0.0,0.0624423533446711
QC & BC(A)R>ITP 02 Architectural & M&E Services>Block 3>Elevations>3. Courtyard (West Elevation)>6th to 7th Floor,1,0.0,0.05829020476288
QC & BC(A)R>ITP 02 Architectural & M&E Services>Block 3>Elevations>5. Moss Street (East Elevation)>4th to 5th Floor,2,0.0,0.05829020476288
QC & BC(A)R>ITP 02 Architectural & M&E Services>Block 4>Elevations>7. Coutyard (South Elevation)>5th to 6th Floor,1,0.0,0.05829020476288
JPC Project Management>General Site Plan,5,0.0,0.04758565277259874
QC & BC(A)R>ITP 02 Architectural & M&E Services>Block 3>Elevations>3. Courtyard (West Elevation)>3rd to 4th Floor,1,0.0,0.0346561531280173
JPC Project Management>EHS Management>02 Permits,2,0.0,0.03167117106720095
Quality Control>ITP 02 Architectural>Level 00  Ground Floor>Pool Area Facilities,1,0.0,0.0260948483029855
Quality Control>ITP 02 Architectural>Level 00  Ground Floor>Pool Area Facilities>Storage,1,0.0,0.0232646436915858
Quality Control>ITP 02 Architectural>Level 00  Ground Floor>Pool Area Facilities>Sauna,1,0.0,0.0218058786351256
QC & BC(A)R>ITP 02 Architectural & M&E Services>Block 3>Elevations>5. Moss Street (East Elevation),1,0.0,0.0190128621631665
Quality Control & BC(A)R>ITP 02 Architectural>1st Floor Plan>19-L1-36 Cent Lab Store,3,0.0,0.018174062733015136
Quality Control & BC(A)R>ITP 02 Architectural>3rd Floor Plan,1,0.0,0.0164974332730935
Quality Control & BC(A)R>ITP 01 Civil & Structural>Main Building>Pile Capping Beam>Zone 1,1,0.0,0.0158965152455459
QC & BC(A)R>ITP 02 Architectural & M&E Services>Block 3>1st Floor Plan>Area 2>RM.01.143,1,0.0,0.0156521443738988
Quality Control & BC(A)R>ITP 01 Civil & Structural>Main Building>Secant Pile Wall>Zone 1,1,0.0,0.0156208380082873
Quality Control & BC(A)R>ITP 01 Structural>Block 1 & 2>Foundations,1,0.0,0.0152259529859883
JPC Project Management>Site Management,51,0.0,0.01520742212361365
Quality Control & BC(A)R>1345 Data Centre>ITP01 Civil & Structural Works (To be developed)>Lvl -01 Foundation>(-01) Zone 1,1,0.0,0.0112632969308022
JPC Project Management>EHS Forms>03 Safety Notices,5,0.0,0.0112078488515547
Quality Control & BC(A)R>ITP 01 Structural>Carpark,2,0.0,0.0099585183149424
JPC Project Management,33,0.0,0.009086432850695832
Training Area,5,0.0,0.008467728460741699
Quality Control & BC(A)R>ITP 02 Architectural>Existing Buildings>Lvl 04 Roof Plans>Block 19 - Roof,4,0.0,0.007824751087975675
QC & BC(A)R>ITP 02 Architectural & M&E Services>Block 1>Block 1 - Bracken Lane Elevation,2,0.0,0.0073848127276892
Quality Control & BC(A)R>ITP 01 Structural>Block 1 & 2>Ground Floor Plan,2,0.0,0.00694485053497345
Quality Control & BC(A)R>ITP 02 Architectural>2nd Floor Plan>Offices>19-L2-43 Open Office,1,0.0,0.0063484184304656
JPC Project Management>Lessons Learned & Alerts - EHS & Quality,2,0.0,0.0048798276337254
Quality Control & BC(A)R>ITP 02 Architectural>2nd Floor Plan>Fallow Areas>19-L2-44 Fallow Area 2,1,0.0,0.0043475023756907
Quality Control & BC(A)R>ITP 02 Architectural>1st Floor Plan>Meeting Rooms>Meeting 2,1,0.0,0.0043264170246181
Quality Control & BC(A)R>ITP 02 Architectural>2nd Floor Plan>Offices>19-L2-35 Open Office,1,0.0,0.0042286563159704
JPC Project Management>Review - Mark Up Form Templates,1,0.0,0.004130494119321
Quality Control & BC(A)R>ITP 02 Architectural>2nd Floor Plan,1,0.0,0.004028879100408
Quality Control & BC(A)R>ITP 02 Architectural>1st Floor Plan>Stairs,1,0.0,0.0039861737431004
QC & BC(A)R>ITP 02 Architectural & M&E Services>Block 2>5th Floor Plan,1,0.0,0.0039115889736774
Quality Control & BC(A)R>ITP 02 Architectural>2nd Floor Plan>Lobbies,1,0.0,0.0038589787303566
Quality Control & BC(A)R>ITP 02 Architectural>1st Floor Plan>19-L1-28 Goods Lift,1,0.0,0.0038465984434498
Quality Control & BC(A)R>ITP 02 Architectural>1st Floor Plan,3,0.0,0.0038359534247497003
QC & BC(A)R>ITP 02 Architectural & M&E Services>Block 3>Roof GA,2,0.0,0.0034316315871310505
QC & BC(A)R>ITP 02 Architectural & M&E Services>Block 1>4th Floor Plan,1,0.0,0.0032892339518672
Quality Control & BC(A)R>ITP 01 Structural>Block C,1,0.0,0.0030180058310605
Quality Control & BC(A)R>ITP 02 Architectural>2nd Floor Plan>Stairs>19-L1-04 Stair 4,1,0.0,0.0029899203241836
1328 - Townsend St,148,0.006756756756756757,0.002973470379316191
JPC Project Management>Site Logistics Plan,2,0.0,0.00284106119357635
Quality Control & BC(A)R>ITP 01 Structural>New Building,1,0.0,0.0023674514141656
1338 - Kildare Village,14,0.0,0.0021368451015926428
JPC Project Management>Site Management>01 Daily Site Diary,3,0.0,0.0019133942457938001
Quality Control & BC(A)R>ITP 02 Architectural>1st Floor Plan>19-L1-72 Social Area,1,0.0,0.0015172687512639
Quality Control>ITP 02 Architectural>Level 00  Ground Floor>Pool Area Facilities>Family 2,2,0.0,0.0015146440183641
QC & BC(A)R>ITP 02 Architectural & M&E Services,2,0.0,0.0015005411375061
JPC Project Management>EHS Management>04 Staturatury Forms,10,0.0,0.00097871968585088
JPC Project Management>EHS Forms,44,0.0,0.0009513053313380143
JPC Project Management>EHS Management,52,0.0,0.0009397992678865381
JPC Project Management>Training Records - EHS & Quality,3,0.0,0.0008843044786180001
JPC Project Management>JPC Responsilbility Matrix,1,0.0,0.0008699464163431
JPC Project Management>Site Management>Progress Photos>Existing Building>Third Floor,1,0.0,0.0008511765614399
JPC Project Management>EHS Management>03 Safety Notices,10,0.0,0.00047110645015515095
JPC Project Management>EHS Forms>01 Inspections,403,0.0,0.00041604834819451215
JPC Project Management>Daily Site Diary & Allocation Sheets,50,0.0,0.0003396023018636989
JPC Project Management>EHS Management>01 Inspections,392,0.0,0.00032364691560372416
JPC Project Management>Statuatory Forms,2,0.0,0.00031987754669454997
1343 - Project ABC,13,0.0,0.00020527917809716147
JPC Project Management>EHS Management>EHS Inspections,143,0.0,0.00020160943535547674
Quality Control & BC(A)R>ITP 01 Structural>Block 1>Lvl 00 Ground Floor,1,0.0,0.0001761686644244
Quality Control & BC(A)R>ITP 01 Civil & Structural>Main Building>Secant Pile Wall,2,0.0,0.0001569960853023
1329 - 19-22 Kildare Street,15,0.0,0.00013997860366132586
JPC Project Management>EHS Management>Safety Notices,2,0.0,0.00012264205117299998
JPC Project Management>EHS Inspections,271,0.0,0.0001216032669575871
1345 - DUB062 Project,33,0.0,0.00010076384833395503
JPC Project Management>Staturatury Forms,1,0.0,9.815709516381776e-05
Quality Control,2,0.0,8.714935311528692e-05
"Site Logistics, Access & Deliveries>Main Site Set Up Plan",73,0.0,8.689673258736407e-05
JPC Project Management>EHS Inspections & Assessments,79,0.0,7.841024238409973e-05
"Site Logistics, Access & Deliveries",1,0.0,6.13856824820428e-05
